,gene_id,sequence
0,BBF10K_000565,GGTCTCTAATGAAGGATTTGGGGGCAGAGCACTTGGCGGGTCATGAAGGGGTCCAACTTCTCGGGTTGTTGAACGTCTACCTGGAACAAGAAGAGAGATTCCAACCTCGAGAAAAAGGGCTGAGTTTGATTGAGGCTACCCCGGAGAATGATAACACTTTGTGTCCAGGATTGAGAAATGCCAAAGTTGAAGATTTAAGGAGTTTAGCCAACTTTTTTGGATCTTGCACTGAAACTTTTGTCCTGGCTGTCAATATTTTGGACAGGTTCTTGGCTCTTATGAAGGTGAAACCTAAACATTTGTCTTGCATTGGAGTCTGTTCTTTTTTGCTGGCTGCTAGAATAGTTGAAGAGGACTGCAATATTCCATCCACTCATGATGTGATCCGGATTAGTCAGTGTAAATGTACTGCTTCTGACATAAAACGGATGGAAAAAATAATTTCAGAAAAATTGCACTATGAATTGGAAGCTACTACTGCCTTAAACTTTTTGCACTTATACCATACTATTATACTTTGTCATACTTCAGAAAGGAAAGAAATACTGAGCCTTGATAAACTAGAAGCTCAGCTGAAAGCTTGCAACTGCCGACTCATCTTTTCAAAAGCAAAACCATCTGTATTAGCCTTGTGCCTTCTCAATTTGGAAGTGGAAACTTTGAAATCTGTTGAATTACTGGAAATTCTCTTGCTAGTTAAAAAACATTCCAAGATTAATGACACTGAGTTCTTCTACTGGAGAGAGTTGGTTTCTAAATGCCTAGCCGAGTATTCTTCTCCTGAATGTTGCAAACCAGATCTTAAGAAGTTGGTTTGGATCGTTTCAAGGCGCACAGCCCAGAACCTCCACAACAGCTACTATAGTGTTCCTGAGCTGCCAACGATACCTGAGGGGGGTTGTTTTGATGAAAGTGAAAGTGAGGACTCTTGTGAAGATATGAGTTGTGGAGAGGAGAGTCTCAGCAGCTCTCCTCCCAGTGATCAAGAGTGCACCTTCTTTTTCAACTTCAAAGTGGCACAAACACTGTGCTTTCCATCTTGAAGAGCTTAGAGACCGG
1,BBF10K_000582,GGTCTCTAATGTCAGCCTGCCGGAGCTTTGCAGTTGCAATCTGCATTTTAGAAATAAGCATCCTCACAGCACAGTACACGACCAGTTATGACCCAGAGCTAACAGAAAGCAGTGGCTCTGCATCACACATAGACTGCAGAATGAGCCCCTGGAGTGAATGGTCACAATGCGATCCTTGTCTCAGACAAATGTTTCGTTCAAGAAGCATTGAGGTCTTTGGACAATTTAATGGGAAAAGATGCACCGACGCTGTGGGAGACAGACGACAGTGTGTGCCCACAGAGCCCTGTGAGGATGCTGAGGATGACTGCGGAAATGACTTTCAATGCAGTACAGGCAGATGCATAAAGATGCGACTTCGGTGTAATGGTGACAATGACTGCGGAGACTTTTCAGATGAGGATGATTGTGAAAGTGAGCCCCGTCCCCCCTGCAGAGACAGAGTGGTAGAAGAGTCTGAGCTGGCACGAACAGCAGGCTATGGGATCAACATTTTAGGGATGGATCCCCTAAGCACACCTTTTGACAATGAGTTCTACAATGGACTCTGTAACCGGGATCGGGATGGAAACACTCTGACATACTACCGTAGACCTTGGAACGTGGCTTCTTTGATCTATGAAACCAAAGGCGAGAAAAATTTCAGAACCGAACATTACGAAGAACAAATTGAAGCATTTAAAAGTATCATCCAAGAAAAGACATCAAATTTTAATGCAGCTATATCTCTAAAATTTACACCCACTGAAACAAATAAAGCTGAACAATGTTGTGAGGAAACAGCCTCCTCAATTTCTTTACATGGCAAGGGTAGTTTTCGGTTTTCATATTCCAAAAATGAAACTTACCAACTATTTTTGTCATATTCTTCAAAGAAGGAAAAAATGTTTCTGCATGTGAAAGGAGAAATTCATCTGGGAAGATTTGTAATGAGAAATCGGGATGTTGTGCTCACAACAACTTTTGTGGATGATATAAAAGCTTTGCCAACTACCTATGAAAAGGGAGAATATTTTGCCTTTTTGGAAACCTATGGAACTCACTACAGTAGCTCTGGTTCTCTAGGAGGACTCTATGAACTAATATATGTTTTGGATAAAGCTTCCATGAAGCGGAAAGGTGTTGAACTAAAAGACATAAAGAGATGCCTTGGGTATCATCTGGATGTATCTCTGGCTTTCTCTGAAATCTCTGTTGGAGCTGAATTTAATAAAGATGATTGTGTAAAGAGGGGAGAGGGTAGAGCTGTAAACATCACCAGTGAAAACCTCATAGATGATGTTGTTTCACTCATAAGAGGTGGAACCAGAAAATATGCATTTGAACTGAAAGAAAAGCTTCTCCGAGGAACCGTGATTGATGTGACTGACTTTGTCAACTGGGCCTCTTCCATAAATGATGCTCCTGTTCTCATTAGTCAAAAACTGTCTCCTATATATAATCTGGTTCCAGTGAAAATGAAAAATGCACACCTAAAGAAACAAAACTTGGAAAGAGCCATTGAGGACTATATCAATGAATTTAGTGTAAGAAAATGCCACACATGCCAAAATGGAGGTACAGTGATTCTAATGGATGGAAAGTGTTTGTGTGCCTGCCCATTCAAATTTGAGGGAATTGCCTGTGAAATCAGTAAACAAAAAATTTCTGAAGGATTGCCAGCCCTAGAGTTCCCCAATGAAAAATGAAGAGCTTAGAGACCGG
2,BBF10K_000566,GGTCTCTAATGCAGCGGGCGCGACCCACGCTCTGGGCCGCTGCGCTGACTCTGCTGGTGCTGCTCCGCGGGCCGCCGGTGGCGCGGGCTGGCGCGAGCTCGGCGGGCTTGGGTCCCGTGGTGCGCTGCGAGCCGTGCGACGCGCGTGCACTGGCCCAGTGCGCGCCTCCGCCCGCCGTGTGCGCGGAGCTGGTGCGCGAGCCGGGCTGCGGCTGCTGCCTGACGTGCGCACTGAGCGAGGGCCAGCCGTGCGGCATCTACACCGAGCGCTGTGGCTCCGGCCTTCGCTGCCAGCCGTCGCCCGACGAGGCGCGACCGCTGCAGGCGCTGCTGGACGGCCGCGGGCTCTGCGTCAACGCTAGTGCCGTCAGCCGCCTGCGCGCCTATCTGCTGCCAGCGCCGCCAGCTCCAGGTGAGCCGCCCGCGCCAGGAAATGCTAGTGAGTCGGAGGAGGACCGCAGCGCCGGCAGTGTGGAGAGCCCGTCAGTCTCCAGCACGCACCGGGTGTCTGATCCCAAGTTCCACCCCCTCCATTCAAAGATAATCATCATCAAGAAAGGGCATGCTAAAGACAGCCAGCGCTACAAAGTTGACTACGAGTCTCAGAGCACAGATACCCAGAACTTCTCCTCCGAGTCCAAGCGGGAGACAGAATATGGTCCCTGCCGTAGAGAAATGGAGGACACACTGAATCACCTGAAGTTCCTCAATGTGCTGAGTCCCAGGGGTGTACACATTCCCAACTGTGACAAGAAGGGATTTTATAAGAAAAAGCAGTGTCGCCCTTCCAAAGGCAGGAAGCGGGGCTTCTGCTGGTGTGTGGATAAGTATGGGCAGCCTCTCCCAGGCTACACCACCAAGGGGAAGGAGGACGTGCACTGCTACAGCATGCAGAGCAAGTGAAGAGCTTAGAGACCGG
3,BBF10K_000564,GGTCTCTAATGTTGCTGCCTCTCCCTCCCCAGTCCTCAAAGCCTGTCCCGAAGAAAAGTCAAAGTTCCAAAATCGTGCCCTCACATCACGATCCATCCGAGAAAACCGGAGAGAACTGCCAGACAAAAATATCTCCTAGTTCACTTCAGGAAAGTCCCAGTAGCCTGCAGGGAGCACTCAAGAAACGCAGTGCATTTGAAGATCTTACCAATGCATCACAGTGTCAGCCCGTCCAGCCAAAGAAAGAAGCAAACAAAGAGTTCGTAAAGGTGGTGTCCAAGAAAATAAATCGCAACACGCACGCCCTTGGGCTGGCTAAGAAGAACAAACGAAATCTTAAATGGCACAAACTGGAGGTAACCCCAGTGGTCGCCAGTACTACCGTCGTGCCAAACATAATGGAGAAGCCGCTGATTCTGGATATCTCCACGACATCTAAGACGCCAAACACCGAGGAGGCAAGTCTTTTCAGGAAACCTTTGGTGTTGAAGGAGGAACCGACAATTGAAGATGAAACGCTCATCAATAAGTCCCTGTCTTTGAAAAAGTGCAGCAACCACGAGGAAGTCTCCCTCCTCGAGAAATTGCAACCTCTCCAAGAAGAATCTGATTCAGACGATGCCTTCGTAATAGAACCCATGACTTTTAAAAAGACGCACAAGACTGAAGAGGCAGCCATCACGAAGAAAACCCTTAGTCTCAAAAAGAAGATGTGTGCATCTCAGCGAAAACAATCTTGCCAGGAGGAAAGCCTCGCTGTACAGGACGTAAACATGGAAGAGGATTCCTTTTTTATGGAAAGTATGTCTTTCAAGAAAAAGCCTAAGACTGAGGAGAGCATACCGACACACAAATTGTCCAGCCTTAAAAAGAAGTGCACGATCTATGGTAAAATATGTCATTTCAGAAAACCTCCCGTTCTGCAAACGACAATTTGTGGCGCCATGTCTAGCATTAAGAAACCGACCACTGAGAAGGAAACGCTGTTCCAAGAACTCTCAGTTCTCCAAGAGAAACACACCACAGAGCATGAGATGTCCATTCTGAAAAAGTCATTGGCACTGCAAAAGACTAATTTCAAAGAGGACTCTCTCGTTAAGGAGTCTCTCGCGTTCAAGAAGAAGCCTTCAACCGAGGAAGCGATAATGATGCCCGTAATCCTTAAGGAACAGTGCATGACTGAGGGAAAGCGGTCCCGCTTGAAGCCGCTTGTACTGCAGGAGATTACGAGTGGCGAAAAGAGCCTTATAATGAAGCCACTCAGCATAAAAGAGAAACCTTCAACTGAAAAGGAGTCATTTAGCCAAGAGCCGTCCGCGCTCCAAAAGAAACATACCACGCAAGAAGAAGTTTCTATCTTGAAGGAGCCTAGCTCACTCCTTAAAAGTCCCACGGAAGAGAGTCCCTTCGATGAGGCTTTGGCTTTTACGAAGAAATGTACGATAGAGGAGGCGCCACCCACCAAGAAACCACTGATCCTGAAGCGAAAACACGCGACCCAAGGTACTATGTCACATCTGAAAAAGCCATTGATCCTGCAAACTACCTCCGGGGAGAAGAGTCTGATTAAGGAACCACTTCCTTTTAAGGAAGAGAAGGTAAGCCTTAAGAAAAAGTGCACAACTCAAGAAATGATGTCAATTTGCCCGGAACTGCTCGATTTCCAAGACATGATAGGCGAAGATAAAAACAGCTTCTTTATGGAACCGATGTCCTTCCGCAAAAACCCAACCACTGAGGAAACAGTATTGACTAAGACCTCATTGTCACTCCAGGAGAAGAAAATTACTCAAGGAAAAATGTCCCATTTGAAAAAGCCGTTGGTACTTCAGAAGATTACGAGCGAGGAGGAGTCCTTTTACAAGAAACTTCTCCCGTTCAAGATGAAGTCAACGACTGAAGAGAAATTTCTGAGTCAGGAACCTAGTGCGTTGAAGGAAAAGCACACAACCCTCCAGGAAGTTTCATTGAGTAAGGAGAGCCTTGCAATCCAGGAGAAAGCGACAACTGAAGAAGAGTTTAGCCAAGAGCTTTTCAGCCTCCATGTAAAACACACAAATAAAAGCGGGAGTCTTTTTCAAGAGGCACTTGTTTTGCAGGAAAAAACGGATGCGGAGGAGGACTCACTTAAAAATCTCCTGGCGCTCCAGGAGAAGTCAACTATGGAAGAAGAAAGTCTGATTAACAAGCTTCTCGCTCTTAAAGAAGAACTGTCAGCGGAGGCCGCCACCAATATCCAGACGCAACTGTCATTGAAGAAAAAATCAACCAGTCACGGTAAGGTCTTTTTCCTGAAGAAGCAACTCGCTCTCAATGAAACCATCAACGAAGAAGAGTTCTTGAACAAACAGCCACTGGCATTGGAGGGTTACCCCAGTATAGCGGAGGGCGAAACGCTCTTTAAAAAGTTGCTTGCAATGCAAGAAGAACCGTCTATTGAAAAGGAGGCAGTTTTGAAGGAACCGACAATTGATACAGAAGCTCACTTCAAGGAGCCACTTGCATTGCAAGAGGAACCGTCAACGGAAAAAGAGGCGGTCCTCAAGGAACCATCTGTAGATACAGAGGCTCACTTTAAGGAAACGCTCGCTCTCCAAGAAAAACCCTCAATTGAACAAGAAGCCCTGTTTAAAAGGCATAGTGCACTGTGGGAGAAACCCTCAACTGAAAAGGAAACCATCTTCAAAGAGTCTCTGGACCTTCAAGAGAAACCCAGCATTAAGAAAGAAACCCTCCTTAAGAAACCCCTTGCGCTGAAAATGTCCACCATTAACGAAGCTGTATTGTTCGAGGACATGATAGCGCTGAACGAGAAGCCTACCACGGGTAAGGAGCTTAGTTTCAAAGAACCCTTGGCTTTGCAAGAATCTCCGACCTACAAAGAAGATACATTTCTTAAAACGCTGCTCGTACCTCAGGTTGGGACTTCTCCGAACGTCAGCTCCACCGCACCTGAAAGTATCACGTCCAAATCTAGTATCGCAACCATGACTTCCGTTGGAAAAAGCGGAACCATTAACGAAGCGTTCCTGTTTGAAGATATGATTACTCTGAATGAAAAACCTACCACGGGGAAAGAGCTCAGCTTCAAGGAACCATTGGCGCTGCAGGAATCACCAACTTGCAAGGAAGATACCTTTCTCGAAACCTTTCTCATTCCTCAAATCGGTACCTCACCATACGTATTTTCTACCACACCGGAGAGTATCACCGAAAAGTCCAGCATAGCCACAATGACTAGTGTAGGGAAAAGTAGAACAACCACGGAATCCAGCGCGTGCGAGAGTGCATCAGATAAACCTGTCTCTCCTCAGGCAAAAGGAACACCGAAAGAGATCACCCCACGCGAGGATATAGACGAGGATTCCAGTGATCCCAGCTTCAATCCCATGTACGCGAAGGAAATCTTCTCCTATATGAAGGAACGAGAAGAACAGTTTATACTCACTGATTATATGAATCGGCAGATCGAAATTACCTCTGATATGAGAGCGATTCTCGTAGATTGGCTCGTAGAGGTCCAAGTGAGTTTCGAAATGACCCACGAAACACTCTATCTCGCTGTTAAGCTGGTTGATTTGTATCTCATGAAAGCCGTCTGTAAAAAGGACAAGCTGCAGCTCTTGGGAGCTACGGCATTTATGATCGCGGCGAAATTCGAGGAACACAACTCCCCGAGAGTTGATGACTTTGTATACATTTGCGACGACAATTACCAGAGAAGTGAAGTCCTTTCCATGGAAATAAATATTTTGAACGTACTCAAATGTGATATAAACATCCCGATAGCCTATCATTTTCTCCGCCGCTACGCCCGGTGCATCCACACCAATATGAAAACCCTGACGCTGAGTCGATATATCTGCGAGATGACACTTCAGGAGTACCACTATGTTCAGGAAAAAGCTAGTAAGCTCGCCGCGGCGAGCTTGCTTCTCGCGCTGTACATGAAAAAGTTGGGCTACTGGGTCCCTTTTCTCGAGCACTATAGTGGATACTCCATCTCTGAACTTCATCCTCTTGTAAGGCAGTTGAACAAGCTTCTTACCTTCTCTTCCTATGACTCCTTGAAAGCAGTTTACTATAAATACAGCCACCCGGTATTTTTTGAGGTCGCGAAAATACCCGCCCTTGATATGCTTAAACTCGAGGAAATTCTGAACTGCGATTGTGAAGCTCAAGGACTGGTCCTCTGAAGAGCTTAGAGACCGG
4,BBF10K_000568,GGTCTCTAATGAATCCGGCCCTAGGCAACCAGACGGACGTGGCGGGCCTGTTCCTGGCCAACAGCAGCGAGGCGCTGGAGCGAGCCGTGCGCTGCTGCACCCAGGCGTCCGTGGTGACCGACGACGGCTTCGCGGAGGGAGGCCCGGACGAGCGTAGCCTGTACATAATGCGCGTGGTGCAGATCGCGGTCATGTGCGTGCTCTCACTCACCGTGGTATTCGGCATCTTCTTCCTCGGCTGCAATCTGCTCATCAAGTCCGAGGGCATGATCAACTTCCTCGTGAAGGACCGGAGGCCGTCTAAGGAGGTGGAGGCGGTGGTCGTGGGGCCCTACTGAAGAGCTTAGAGACCGG
5,BBF10K_000563,GGTCTCTAATGAGAGGCCAGGCTGCTGCACCAGGACCAGTGTGGATACTTGCGCCTTTGCTGCTCCTCTTGCTTCTCCTCGGCCGCCGGGCCAGAGCAGCGGCGGGGGCCGATGCCGGTCCAGGCCCGGAGCCATGCGCCACCCTGGTCCAGGGGAAGTTCTTTGGCTATTTTAGTGCAGCAGCTGTTTTTCCAGCAAATGCGTCCCGCTGTAGTTGGACACTGCGAAATCCCGACCCTAGAAGGTATACCCTGTACATGAAAGTGGCGAAAGCCCCCGTCCCTTGCTCTGGTCCAGGTCGAGTCCGAACATACCAGTTTGATAGTTTTCTCGAATCAACTCGGACATATTTGGGGGTGGAAAGTTTTGACGAAGTTCTTCGGCTGTGTGACCCGTCAGCCCCTTTGGCTTTCCTTCAAGCATCTAAACAGTTTCTGCAAATGCGACGACAACAACCCCCTCAGCACGATGGGCTCCGCCCAAGGGCTGGCCCTCCAGGTCCAACCGATGACTTCTCAGTAGAATACCTGGTCGTAGGGAACAGGAATCCTTCCCGGGCAGCTTGTCAGATGCTTTGTAGATGGCTCGATGCATGCCTTGCTGGTTCCAGATCATCTCACCCCTGTGGAATAATGCAAACTCCATGCGCGTGCCTTGGGGGTGAAGCGGGTGGTCCTGCCGCGGGTCCTCTGGCTCCCCGAGGGGACGTGTGCTTGCGCGACGCTGTTGCTGGAGGACCCGAGAATTGTCTCACGTCACTCACGCAAGATCGGGGAGGACACGGGGCTACAGGCGGGTGGAAACTCTGGTCCCTCTGGGGCGAGTGTACGCGGGACTGCGGAGGTGGCCTGCAAACACGCACGCGAACTTGCCTCCCCGCTCCTGGTGTGGAGGGCGGTGGCTGCGAAGGAGTCCTGGAGGAAGGCCGGCAATGCAACCGAGAAGCTTGCGGCCCAGCGGGTCGGACGTCTAGTCGATCCCAGAGTTTGCGGTCAACAGACGCCAGACGACGCGAAGAACTTGGTGATGAGCTTCAACAGTTCGGATTTCCTGCGCCACAGACCGGGGACCCTGCTGCTGAAGAGTGGAGTCCCTGGAGCGTATGTTCATCTACTTGCGGTGAGGGGTGGCAGACTAGAACTAGATTTTGTGTCTCTAGCAGTTACTCTACGCAGTGCTCCGGTCCATTGAGGGAGCAACGCCTCTGCAATAACTCTGCAGTATGCCCTGTGCATGGTGCTTGGGATGAATGGAGCCCTTGGTCCTTGTGCAGTAGCACATGTGGTCGGGGCTTCCGAGATCGGACACGAACCTGTCGCCCGCCTCAATTTGGAGGCAATCCCTGTGAGGGTCCCGAGAAACAAACAAAATTTTGTAATATCGCACTTTGTCCTGGGCGAGCGGTAGACGGGAACTGGAATGAATGGTCATCATGGAGTGCTTGCTCCGCTTCTTGCAGCCAGGGTAGACAACAACGGACGCGGGAGTGCAATGGGCCAAGCTATGGCGGAGCAGAATGCCAAGGACACTGGGTGGAAACTCGCGATTGCTTCCTCCAGCAATGTCCGGTAGATGGGAAATGGCAGGCTTGGGCCAGCTGGGGTTCATGCAGTGTTACGTGTGGGGCTGGTTCCCAAAGACGAGAGCGGGTATGCTCCGGACCCTTCTTTGGAGGGGCCGCGTGTCAAGGCCCGCAAGACGAATATAGACAATGCGGGACACAAAGATGCCCCGAGCCTCATGAAATTTGTGATGAGGATAATTTCGGAGCGGTAATTTGGAAGGAAACGCCAGCGGGTGAGGTCGCGGCCGTAAGGTGCCCGCGAAACGCCACTGGACTCATTCTTAGAAGATGTGAACTTGACGAGGAGGGCATAGCCTATTGGGAACCCCCAACATATATAAGATGCGTTTCAATCGATTATCGCAACATCCAGATGATGACAAGAGAACATCTGGCGAAAGCCCAGCGGGGTCTGCCTGGGGAAGGAGTGTCTGAGGTGATTCAGACGCTCGTCGAGATCAGCCAAGACGGCACGTCATATTCAGGCGATCTGTTGTCCACGATAGACGTTTTGCGCAATATGACCGAGATATTTCGCCGAGCATATTACTCTCCAACTCCGGGTGACGTTCAGAATTTCGTCCAAATTTTGAGCAATCTGCTCGCGGAGGAGAATCGCGATAAGTGGGAGGAAGCTCAGCTTGCTGGTCCGAACGCTAAAGAGCTTTTCCGGCTGGTTGAGGACTTCGTTGATGTAATAGGGTTTCGAATGAAAGATCTTCGAGATGCGTACCAGGTAACTGATAACCTGGTTCTCTCAATCCATAAGTTGCCGGCCTCCGGAGCTACTGACATTTCATTTCCAATGAAGGGCTGGCGCGCTACGGGGGATTGGGCTAAGGTACCAGAGGACAGAGTCACCGTTAGTAAGTCCGTATTTTCCACTGGGCTGACGGAAGCTGACGAGGCTTCAGTATTTGTTGTGGGCACCGTTTTGTACCGAAACCTTGGCTCTTTCCTGGCACTTCAAAGGAACACCACCGTCCTTAACTCAAAGGTGATCAGTGTAACAGTCAAGCCTCCACCGCGCAGTCTCCGCACACCGCTGGAAATTGAATTTGCACATATGTACAACGGGACGACGAACCAGACGTGCATTCTCTGGGACGAGACAGATGTGCCATCATCAAGCGCGCCACCTCAACTGGGACCCTGGAGCTGGCGCGGCTGCCGCACAGTTCCTTTGGACGCACTTCGGACCAGGTGCCTTTGTGACCGACTCAGCACGTTCGCTATCCTCGCTCAGTTGAGCGCCGACGCTAACATGGAGAAAGCAACCCTGCCAAGCGTTACCCTCATTGTTGGCTGTGGAGTCAGTAGTTTGACCCTTCTGATGCTCGTAATCATTTATGTGTCTGTATGGCGATACATACGAAGCGAGCGCTCAGTGATCCTGATCAATTTTTGCCTCTCCATTATCAGCTCAAACGCGCTGATACTGATCGGTCAGACACAGACTCGGAACAAAGTTGTATGCACACTTGTGGCGGCCTTTCTTCATTTTTTCTTCTTATCTTCTTTCTGTTGGGTTTTGACTGAAGCGTGGCAATCTTATATGGCAGTTACTGGGCATCTCAGAAACAGGCTTATAAGAAAGAGGTTCTTGTGTTTGGGCTGGGGTCTGCCAGCGCTGGTGGTCGCTATCAGTGTCGGATTCACTAAGGCCAAGGGGTATTCAACAATGAACTATTGCTGGCTGTCCCTTGAGGGTGGACTCCTTTATGCTTTTGTTGGGCCTGCCGCAGCGGTCGTTTTGGTTAATATGGTAATTGGAATACTCGTCTTTAACAAATTGGTTAGTAAGGATGGTATAACGGATAAGAAACTTAAGGAGAGAGCTGGGGCATCCTTGTGGTCAAGCTGTGTCGTATTGCCACTCCTGGCACTCACCTGGATGAGCGCTGTACTGGCGGTCACTGATAGGCGAAGCGCACTGTTCCAAATATTGTTCGCAGTCTTTGATTCTCTTGAAGGATTCGTTATAGTTATGGTTCACTGCATCCTTCGCCGGGAGGTGCAAGACGCAGTTAAGTGCCGGGTCGTTGACAGACAGGAAGAAGGAAATGGTGACTCCGGGGGCAGTTTTCAAAATGGACACGCACAGCTTATGACCGATTTCGAAAAAGATGTAGATTTGGCGTGCAGATCTGTTCTCAACAAAGACATTGCGGCATGCCGCACCGCGACAATCACCGGTACTCTTAAGCGCCCTAGTCTGCCTGAGGAAGAAAAGTTGAAACTTGCCCATGCCAAAGGACCTCCGACAAATTTTAACAGTCTCCCCGCAAACGTTTCAAAACTTCATCTTCACGGCTCACCCCGCTACCCAGGTGGGCCGCTCCCAGACTTCCCCAACCATTCTCTTACACTCAAAAGAGACAAAGCCCCAAAGAGCTCCTTTGTAGGCGACGGAGATATCTTCAAGAAACTTGACTCCGAGTTGTCACGAGCTCAGGAGAAGGCTCTGGACACTTCTTACGTTATTCTCCCAACAGCAACAGCCACTCTCAGACCAAAGCCCAAAGAGGAGCCAAAGTATTCAATTCACATCGACCAGATGCCTCAGACTCGGCTCATCCATCTCTCAACCGCGCCTGAGGCGTCCCTTCCCGCGCGCAGCCCTCCATCTCGACAACCTCCGTCTGGCGGACCCCCTGAGGCTCCCCCAGCGCAGCCACCACCTCCACCACCACCTCCCCCGCCACCTCCACAGCAGCCGCTTCCTCCACCGCCAAATCTGGAGCCTGCTCCTCCCTCACTGGGCGATCCAGGCGAGCCTGCGGCGCATCCGGGTCCGTCAACAGGCCCCTCTACGAAAAATGAGAATGTCGCAACCCTCTCTGTCAGCTCCCTCGAACGGAGAAAAAGTCGATACGCCGAACTTGACTTTGAAAAGATAATGCATACCAGAAAAAGACACCAGGATATGTTTCAAGACTTGAATCGGAAATTGCAACACGCTGCAGAAAAGGACAAGGAGGTATTGGGCCCTGACTCTAAGCCTGAAAAGCAACAGACCCCTAACAAGCGGCCTTGGGAGTCCCTGAGGAAAGCCCACGGTACACCTACCTGGGTTAAAAAAGAGTTGGAACCGCTGCAGCCATCCCCGCTTGAACTGCGGAGTGTGGAGTGGGAAAGGTCAGGTGCGACAATTCCTCTGGTTGGTCAGGATATTATCGATCTCCAGACTGAAGTTTGAAGAGCTTAGAGACCGG
6,BBF10K_000576,GGTCTCTAATGGGCCCACTGATGGTTCTTTTTTGCCTGCTGTTCCTGTACCCAGGTCTGGCAGACTCGGCTCCCTCCTGCCCTCAGAACGTGAATATCTCGGGTGGCACCTTCACCCTCAGCCATGGCTGGGCTCCTGGGAGCCTTCTCACCTACTCCTGCCCCCAGGGCCTGTACCCATCCCCAGCATCACGGCTGTGCAAGAGCAGCGGACAGTGGCAGACCCCAGGAGCCACCCGTTCTCTGTCTAAGGCGGTCTGCAAACCTGTGCGCTGTCCAGCCCCTGTCTCCTTTGAGAATGGCATTTATACCCCACGGCTGGGGTCCTATCCCGTGGGTGGCAATGTGAGCTTCGAGTGTGAGGATGGCTTCATATTGCGGGGCTCGCCTGTGCGTCAGTGTCGCCCCAACGGCATGTGGGATGGAGAAACAGCTGTGTGTGATAATGGGGCTGGCCACTGCCCCAACCCAGGCATTTCACTGGGCGCAGTGCGGACAGGCTTCCGCTTTGGTCATGGGGACAAGGTCCGCTATCGCTGCTCCTCGAATCTTGTGCTCACGGGATCTTCGGAGCGGGAGTGCCAGGGCAACGGGGTCTGGAGTGGAACGGAGCCCATCTGCCGCCAACCCTACTCTTATGACTTCCCTGAGGACGTGGCCCCTGCCCTGGGCACTTCCTTCTCCCACATGCTTGGGGCCACCAATCCCACCCAAAAGACAAAGGAAAGCCTGGGCCGTAAAATCCAAATCCAGCGCTCTGGTCATCTGAACCTCTATCTGCTCCTGGACTGTTCGCAGAGTGTGTCGGAAAATGACTTTCTCATCTTCAAGGAGAGCGCCTCCCTCATGGTGGACAGGATCTTCAGCTTTGAGATCAATGTGAGCGTTGCCATTATCACCTTTGCCTCAGAGCCCAAAGTCCTCATGTCTGTCCTGAACGACAACTCCCGGGATATGACTGAGGTGATCAGCAGCCTGGAAAATGCCAACTATAAAGATCATGAAAATGGAACTGGGACTAACACCTATGCGGCCTTAAACAGTGTCTATCTCATGATGAACAACCAAATGCGACTCCTCGGCATGGAAACGATGGCCTGGCAGGAAATCCGACATGCCATCATCCTTCTGACAGATGGAAAGTCCAATATGGGTGGCTCTCCCAAGACAGCTGTTGACCATATCAGAGAGATCCTGAACATCAACCAGAAGAGGAATGACTATCTGGACATCTATGCCATCGGGGTGGGCAAGCTGGATGTGGACTGGAGAGAACTGAATGAGCTAGGGTCCAAGAAGGATGGTGAGAGGCATGCCTTCATTCTGCAGGACACAAAGGCTCTGCACCAGGTCTTTGAACATATGCTGGATGTCTCCAAGCTCACAGACACCATCTGCGGGGTGGGGAACATGTCAGCAAACGCCTCTGACCAGGAGAGGACACCCTGGCATGTCACTATTAAGCCCAAGAGCCAAGAGACATGCCGGGGGGCCCTCATCTCCGACCAATGGGTCCTGACAGCAGCTCATTGCTTCCGTGATGGCAACGACCACTCCCTGTGGAGGGTCAATGTGGGTGACCCCAAATCCCAGTGGGGCAAAGAATTCCTTATTGAGAAGGCGGTGATCTCCCCAGGGTTTGATGTCTTTGCCAAAAAGAACCAGGGAATCCTGGAGTTCTATGGTGATGACATAGCTCTGCTGAAGCTGGCCCAGAAAGTAAAGATGTCCACCCATGCCAGGCCCATCTGCCTTCCCTGCACGATGGAGGCCAATCTGGCTCTGCGCAGACCTCAAGGCAGCACCTGTAGGGACCATGAGAATGAACTGCTGAACAAACAGAGTGTTCCTGCTCATTTTGTCGCCTTGAATGGGAGCAAACTGAACATTAACCTTAAGATGGGAGTGGAGTGGACAAGCTGTGCCGAGGTTGTCTCCCAAGAAAAAACCATGTTCCCCAACTTGACAGATGTCAGGGAGGTGGTGACAGACCAGTTCCTATGCAGTGGGACCCAGGAGGATGAGAGTCCCTGCAAGGGAGAATCTGGGGGAGCAGTTTTCCTTGAGCGGAGATTCAGGTTTTTTCAGGTGGGTCTGGTGAGCTGGGGTCTTTACAACCCCTGCCTTGGCTCTGCTGACAAAAACTCCCGCAAAAGGGCCCCTCGTAGCAAGGTCCCGCCGCCACGAGACTTTCACATCAATCTCTTCCGCATGCAGCCCTGGCTGAGGCAGCACCTGGGGGATGTCCTGAATTTTTTACCCCTCTGAAGAGCTTAGAGACCGG
7,BBF10K_000577,GGTCTCTAATGGGACCCACCTCAGGTCCCAGCCTGCTGCTCCTGCTACTAACCCACCTCCCCCTGGCTCTGGGGAGTCCCATGTACTCTATCATCACCCCCAACATCTTGCGGCTGGAGAGCGAGGAAACCATGGTGCTGGAGGCCCACGACGCGCAAGGGGATGTTCCAGTCACTGTTACTGTCCACGACTTCCCAGGCAAAAAACTAGTGCTGTCCAGTGAAAAGACTGTGCTGACCCCTGCCACCAACCACATGGGCAACGTCACCTTCACGATCCCAGCCAACAGGGAGTTCAAGTCAGAAAAGGGGCGCAACAAGTTCGTGACCGTGCAGGCCACCTTCGGGACCCAAGTGGTGGAGAAGGTGGTGCTGGTCAGCCTGCAGAGCGGGTACCTCTTCATCCAGACAGACAAGACCATCTACACCCCTGGCTCCACAGTTCTCTATCGGATCTTCACCGTCAACCACAAGCTGCTACCCGTGGGCCGGACGGTCATGGTCAACATTGAGAACCCGGAAGGCATCCCGGTCAAGCAGGACTCCCTTTCTTCTCAGAACCAGCTTGGCGTCTTGCCCTTGTCTTGGGACATTCCGGAACTCGTCAACATGGGCCAGTGGAAGATCCGAGCCTACTATGAAAACTCACCACAACAGGTTTTCTCCACTGAGTTTGAGGTGAAGGAGTACGTGCTGCCCAGTTTCGAGGTCATAGTGGAGCCTACAGAGAAATTCTACTACATCTATAACGAGAAGGGCCTGGAGGTCACCATCACCGCCAGGTTCCTCTACGGGAAGAAAGTGGAGGGAACTGCCTTTGTCATCTTCGGGATCCAGGATGGCGAACAGAGGATTTCCCTGCCTGAATCCCTCAAGCGCATTCCGATTGAGGATGGCTCGGGGGAGGTTGTGCTGAGCCGGAAGGTACTGCTGGACGGGGTGCAGAACCCCCGAGCAGAGGACCTGGTGGGGAAGTCTTTGTACGTGTCTGCCACCGTCATCTTGCACTCAGGCAGTGACATGGTGCAGGCAGAGCGCAGCGGGATCCCCATCGTGACCTCTCCCTACCAGATCCACTTCACCAAGACACCCAAGTACTTCAAACCAGGAATGCCCTTTGACCTCATGGTGTTCGTGACGAACCCTGATGGCTCTCCAGCCTACCGAGTCCCCGTGGCAGTCCAGGGCGAGGACACTGTGCAGTCTCTAACCCAGGGAGATGGCGTGGCCAAACTCAGCATCAACACACACCCCAGCCAGAAGCCCTTGAGCATCACGGTGCGCACGAAGAAGCAGGAGCTCTCGGAGGCAGAGCAGGCTACCAGGACCATGCAGGCTCTGCCCTACAGCACCGTGGGCAACTCCAACAATTATCTGCATCTCTCAGTGCTACGTACAGAGCTCAGACCCGGGGAAACCCTCAACGTCAACTTCCTCCTGCGAATGGACCGCGCCCACGAGGCCAAGATCCGCTACTACACCTACCTGATCATGAACAAGGGCAGGCTGTTGAAGGCGGGACGCCAGGTGCGAGAGCCCGGCCAGGACCTGGTGGTGCTGCCCCTGTCCATCACCACCGACTTCATCCCTTCCTTCCGCCTGGTGGCGTACTACACGCTGATCGGTGCCAGCGGCCAGAGGGAGGTGGTGGCCGACTCCGTGTGGGTGGACGTCAAGGACTCCTGCGTGGGCTCGCTGGTGGTAAAAAGCGGCCAGTCAGAGGACCGGCAGCCTGTACCTGGGCAGCAGATGACCCTGAAGATAGAGGGTGACCACGGGGCCCGGGTGGTACTGGTGGCCGTGGACAAGGGCGTGTTCGTGCTGAATAAGAAGAACAAACTGACGCAGAGTAAGATCTGGGACGTGGTGGAGAAGGCAGACATCGGCTGCACCCCGGGCAGTGGGAAGGATTACGCCGGTGTATTCTCCGACGCAGGGCTGACCTTCACGAGCAGCAGTGGCCAGCAGACCGCCCAGAGGGCAGAACTTCAGTGCCCGCAGCCAGCCGCCCGCCGACGCCGTTCCGTGCAGCTCACGGAGAAGCGAATGGACAAAGTCGGCAAGTACCCCAAGGAGCTGCGCAAGTGCTGCGAGGACGGCATGCGGGAGAACCCCATGAGGTTCTCGTGCCAGCGCCGGACCCGTTTCATCTCCCTGGGCGAGGCGTGCAAGAAGGTGTTCCTGGACTGCTGCAACTACATCACAGAGCTGCGGCGGCAGCACGCGCGGGCCAGCCACCTGGGCCTGGCCAGGAGTAACCTGGATGAGGACATCATTGCAGAAGAGAACATCGTTTCCCGAAGTGAGTTCCCAGAGAGCTGGCTGTGGAACGTTGAGGACTTGAAAGAGCCACCGAAAAATGGAATCTCTACGAAGCTCATGAATATATTTTTGAAAGACTCCATCACCACGTGGGAGATTCTGGCTGTGAGCATGTCGGACAAGAAAGGGATCTGTGTGGCAGACCCCTTCGAGGTCACAGTAATGCAGGACTTCTTCATCGATCTGCGGCTACCCTACTCTGTTGTTCGAAACGAACAGGTGGAAATCCGAGCCGTTCTCTACAATTACCGGCAGAACCAAGAGCTCAAGGTGAGGGTGGAACTACTCCACAATCCAGCCTTCTGCAGCCTGGCCACCACCAAGAGGCGTCACCAGCAGACCGTAACCATTCCCCCCAAGTCCTCGTTGTCCGTTCCATATGTCATCGTGCCGCTAAAGACCGGCCTGCAGGAAGTGGAAGTCAAGGCTGCTGTCTACCATCATTTCATCAGTGACGGTGTCAGGAAGTCCCTGAAGGTCGTGCCGGAAGGAATCAGAATGAACAAAACTGTGGCTGTTCGCACCCTGGATCCAGAACGCCTGGGCCGTGAAGGAGTGCAGAAAGAGGACATCCCTCCTGCAGACCTCAGTGACCAAGTCCCGGACACCGAGTCTGAAACCAGAATTCTCCTGCAAGGGACCCCAGTGGCCCAGATGACAGAGGATGCCGTCGACGCGGAACGGCTGAAGCACCTCATTGTGACCCCCTCGGGCTGCGGGGAACAGAACATGATCGGCATGACGCCCACGGTTATCGCTGTGCATTACCTGGATGAAACGGAGCAGTGGGAGAAGTTCGGCCTAGAGAAGCGGCAGGGGGCCTTGGAGCTCATCAAGAAGGGGTACACCCAGCAGCTGGCCTTCAGACAACCCAGCTCTGCCTTTGCGGCCTTCGTGAAACGGGCACCCAGCACCTGGCTGACCGCCTACGTGGTCAAGGTTTTCTCTCTGGCTGTCAACCTGATCGCCATCGACTCCCAAGTCCTCTGCGGGGCTGTTAAATGGCTGATCCTGGAGAAGCAGAAGCCCGACGGGGTTTTCCAGGAGGATGCGCCCGTGATACACCAAGAAATGATTGGTGGATTACGGAACAACAACGAGAAAGACATGGCCCTCACGGCCTTTGTTCTCATCTCGCTGCAGGAGGCTAAAGATATTTGCGAGGAACAGGTCAACAGCCTGCCAGGCAGCATCACTAAAGCAGGAGACTTCCTTGAAGCCAACTACATGAACCTACAGAGATCCTACACTGTGGCCATTGCTGGCTATGCTCTGGCCCAGATGGGCAGGCTGAAGGGGCCTCTTCTTAACAAATTTCTGACCACAGCCAAAGATAAGAACCGCTGGGAGGACCCTGGTAAGCAGCTCTACAACGTGGAGGCCACATCCTATGCCCTCTTGGCCCTACTGCAGCTAAAAGACTTTGACTTTGTGCCTCCCGTCGTGCGTTGGCTCAATGAACAGAGATACTACGGTGGTGGCTATGGCTCTACCCAGGCCACCTTCATGGTGTTCCAAGCCTTGGCTCAATACCAAAAGGACGCCCCTGACCACCAGGAACTGAACCTTGATGTGTCCCTCCAACTGCCCAGCCGCAGCTCCAAGATCACCCACCGTATCCACTGGGAATCTGCCAGCCTCCTGCGATCAGAAGAAACCAAGGAAAATGAGGGTTTCACAGTCACAGCTGAAGGAAAAGGCCAAGGCACCTTGTCGGTGGTGACAATGTACCATGCTAAGGCCAAAGATCAACTCACCTGTAATAAATTCGACCTCAAGGTCACCATAAAACCAGCACCGGAAACAGAAAAGAGGCCTCAGGATGCCAAGAACACTATGATCCTTGAGATCTGTACCAGGTACCGGGGTGACCAGGATGCCACTATGTCTATATTGGACATATCCATGATGACTGGCTTTGCTCCAGACACAGATGACCTGAAGCAGCTGGCCAATGGTGTTGACAGATACATCTCCAAGTATGAGCTGGACAAAGCCTTCTCCGATAGGAACACCCTCATCATCTACCTGGACAAAGTCTCACACTCTGAGGATGACTGTCTAGCTTTCAAAGTTCACCAATACTTTAATGTAGAGCTTATCCAGCCTGGAGCAGTCAAGGTCTACGCCTATTACAACCTGGAGGAAAGCTGTACCCGGTTCTACCATCCGGAAAAGGAGGATGGAAAGCTGAACAAGCTCTGCCGTGATGAACTGTGCCGCTGTGCTGAGGAGAATTGCTTCATACAAAAGTCGGATGACAAGGTCACCCTGGAAGAACGGCTGGACAAGGCCTGTGAGCCAGGAGTGGACTATGTGTACAAGACCCGACTGGTCAAGGTTCAGCTGTCCAATGACTTTGACGAGTACATCATGGCCATTGAGCAGACCATCAAGTCAGGCTCGGATGAGGTTCAGGTTGGACAGCAGCGCACGTTCATCAGCCCCATCAAGTGCAGAGAAGCCCTGAAGCTGGAGGAGAAGAAACACTACCTCATGTGGGGCCTCTCCTCCGATTTCTGGGGAGAGAAGCCCAACCTCAGCTACATCATCGGGAAGGACACTTGGGTGGAGCACTGGCCCGAGGAGGACGAATGCCAAGACGAAGAGAACCAGAAACAATGCCAGGACCTCGGCGCCTTCACCGAGAGCATGGTTGTCTTTGGGTGCCCCAACTGAAGAGCTTAGAGACCGG
8,BBF10K_000574,GGTCTCTAATGTGGCTCTTGTACCTCCTGGTGCCGGCCCTGTTCTGCAGGGCAGGAGGCTCCATTCCCATCCCTCAGAAGTTATTTGGGGAGGTGACTTCCCCTCTGTTCCCCAAGCCTTACCCCAACAACTTTGAAACAACCACTGTGATCACAGTCCCCACGGGATACAGGGTGAAGCTCGTGTTCCAGCAGTTTGACCTGGAGCCTTCTGAAGGCTGCTTCTATGATTATGTCAAGATCTCTGCTGATAAGAAAAGCCTGGGGAGGTTCTGTGGGCAACTGGGTTCTCCACTGGGCAACCCCCCGGGAAAGAAGGAATTTATGTCCCAAGGGAACAAGATGCTGCTGACCTTCCACACAGACTTCTCCAACGAGGAGAATGGGACCATCATGTTCTACAAGGGCTTCCTGGCCTACTACCAAGCTGTGGACCTTGATGAATGTGCTTCCCGGAGCAAATCAGGGGAGGAGGATCCCCAGCCCCAGTGCCAGCACCTGTGTCACAACTACGTTGGAGGCTACTTCTGTTCCTGCCGTCCAGGCTATGAGCTTCAGGAGGACAGGCATTCCTGCCAGGCTGAGTGCAGCAGCGAGCTGTACACGGAGGCATCAGGCTACATCTCCAGCCTGGAGTACCCTCGGTCCTACCCCCCTGATCTGCGCTGCAACTACAGCATCCGGGTGGAGCGGGGCCTCACCCTGCACCTCAAGTTCCTGGAGCCTTTTGATATTGATGACCACCAGCAAGTACACTGCCCCTATGACCAGCTACAGATCTATGCCAACGGGAAGAACATTGGCGAGTTCTGTGGGAAGCAAAGGCCCCCCGACCTCGACACCAGCAGCAATGCTGTGGATCTGCTGTTCTTCACAGATGAGTCGGGGGACAGCCGGGGCTGGAAGCTGCGCTACACCACCGAGATCATCAAGTGCCCCCAGCCCAAGACCCTAGACGAGTTCACCATCATCCAGAATCTGCAGCCTCAGTACCAGTTCCGTGACTACTTCATTGCTACTTGCAAGCAAGGCTACCAGCTCATAGAGGGGAACCAGGTGCTGCATTCCTTCACAGCTGTCTGCCAGGATGATGGCACGTGGCATCGTGCCATGCCCAGATGCAAGATCAAGGACTGTGGGCAGCCCCGAAATCTGCCTAATGGTGACTTCCGTTACACCACCACAATGGGAGTGAACACCTACAAGGCCCGTATCCAGTACTACTGCCATGAGCCATATTACAAGATGCAGACCAGAGCTGGCAGCAGGGAGTCTGAGCAAGGGGTGTACACGTGCACAGCACAGGGCATTTGGAAGAATGAACAGAAGGGAGAGAAGATTCCTCGGTGCTTGCCAGTGTGTGGGAAGCCCGTGAACCCCGTGGAACAGAGGCAGCGCATCATCGGAGGGCAAAAAGCCAAGATGGGCAACTTCCCCTGGCAAGTGTTCACCAACATCCACGGGCGCGGGGGCGGGGCCCTGCTGGGCGACCGCTGGATCCTCACAGCTGCCCACACCCTGTATCCCAAGGAACACGAAGCGCAAAGCAACGCCTCTTTGGATGTGTTCCTGGGCCACACAAATGTGGAGGAGCTCATGAAGCTAGGAAATCACCCCATCCGCAGGGTCAGCGTCCACCCGGACTACCGTCAGGATGAGTCCTACAATTTTGAGGGGGATATCGCCCTGCTGGAGCTGGAAAATAGTGTCACCCTGGGTCCCAACCTCCTCCCCATCTGCCTCCCTGACAACGATACCTTCTACGACCTGGGCTTGATGGGCTATGTCAGTGGCTTCGGGGTCATGGAGGAGAAGATTGCTCATGACCTCAGGTTTGTCCGTCTGCCCGTAGCTAATCCACAGGCCTGTGAGAACTGGCTCCGGGGAAAGAATAGGATGGATGTGTTCTCTCAAAACATGTTCTGTGCTGGACACCCATCTCTAAAGCAGGACGCCTGCCAGGGGGATAGTGGGGGCGTTTTTGCAGTAAGGGACCCGAACACTGATCGCTGGGTGGCCACGGGCATCGTGTCCTGGGGCATCGGGTGCAGCAGGGGCTATGGCTTCTACACCAAAGTGCTCAACTACGTGGACTGGATCAAGAAAGAGATGGAGGAGGAGGACTGAAGAGCTTAGAGACCGG
9,BBF10K_000571,GGTCTCTAATGGCTGACAGTGTCAAAACCTTTCTCCAGGACCTTGCCAGAGGAATCAAAGACTCCATCTGGGGTATTTGTACCATCTCAAAGCTAGATGCTCGAATCCAGCAAAAGAGAGAGGAGCAGCGTCGAAGAAGGGCAAGTAGTGTCTTGGCACAGCGTAGAGCCCAGAGTATAGAGCGGAAGCAAGAGAGTGAGCCACGTATTGTTAGTAGAATTTTCCAGTGTTGTGCTTGGAATGGTGGAGTGTTCTGGTTCAGTCTCCTCTTGTTTTATCGAGTATTTATTCCTGTGCTTCAGTCGGTAACAGCCCGAATTATCGGTGACCCATCACTACATGGAGATGTTTGGTCGTGGCTGGAATTCTTCCTCACGTCAATTTTCAGTGCTCTTTGGGTGCTCCCCTTGTTTGTGCTTAGCAAAGTGGTGAATGCCATTTGGTTTCAGGATATAGCTGACCTGGCATTTGAGGTATCAGGGAGGAAGCCTCACCCATTCCCTAGTGTCAGCAAAATAATTGCTGACATGTTGTTCAACCTTTTGCTGCAGGCTCTTTTCCTCATTCAGGGAATGTTTGTGAGTCTCTTTCCCATCCATCTTGTCGGTCAGCTGGTTAGTCTCCTGCATATGTCCCTTCTCTACTCACTGTACTGCTTTGAATATCGTTGGTTCAATAAAGGAATTGAAATGCACCAGCGGTTGTCTAACATAGAAAGGAATTGGCCTTACTACTTTGGGTTTGGTTTGCCCTTGGCTTTTCTCACAGCAATGCAGTCCTCATATATTATCAGTGGCTGCCTTTTCTCTATCCTCTTTCCTTTATTCATTATCAGCGCCAATGAAGCAAAGACCCCTGGCAAAGCATATCTCTTCCAGTTGCGCCTCTTCTCCTTGGTGGTGTTCTTAAGCAACAGACTCTTCCACAAGACAGTCTATCTGCAGTCGGCCCTGAGCAGCTCTACTTCTGCAGAGAAGTTCCCTTCACCGCATCCGTCGCCTGCCAAACTGAAGGCTACTGCGGGTCACTGAAGAGCTTAGAGACCGG
10,BBF10K_000575,GGTCTCTAATGTGGTGCATTGTCCTGTTTTCACTTTTGGCATGGGTTTATGCTGAGCCTACCATGTATGGGGAGATCCTGTCCCCTAACTATCCTCAGGCATATCCCAGTGAGGTAGAGAAATCTTGGGACATAGAAGTTCCTGAAGGGTATGGGATTCACCTCTACTTCACCCATCTGGACATTGAGCTGTCAGAGAACTGTGCGTATGACTCAGTGCAGATAATCTCAGGAGACACTGAAGAAGGGAGGCTCTGTGGACAGAGGAGCAGTAACAATCCCCACTCTCCAATTGTGGAAGAGTTCCAAGTCCCATACAACAAACTCCAGGTGATCTTTAAGTCAGACTTTTCCAATGAGGAGCGTTTTACGGGGTTTGCTGCATACTATGTTGCCACAGACATAAATGAATGCACAGATTTTGTAGATGTCCCTTGTAGCCACTTCTGCAACAATTTCATTGGTGGTTACTTCTGCTCCTGCCCCCCGGAATATTTCCTCCATGATGACATGAAGAATTGCGGAGTTAATTGCAGTGGGGATGTATTCACTGCACTGATTGGGGAGATTGCAAGTCCCAATTATCCCAAACCATATCCAGAGAACTCAAGGTGTGAATACCAGATCCGGTTGGAGAAAGGGTTCCAAGTGGTGGTGACCTTGCGGAGAGAAGATTTTGATGTGGAAGCAGCTGACTCAGCGGGAAACTGCCTTGACAGTTTAGTTTTTGTTGCAGGAGATCGGCAATTTGGTCCTTACTGTGGTCATGGATTCCCTGGGCCTCTAAATATTGAAACCAAGAGTAATGCTCTTGATATCATCTTCCAAACTGATCTAACAGGGCAGAAAAAGGGCTGGAAACTTCGCTATCATGGAGATCCAATGCCCTGCCCTAAGGAGGACACTCCCAATTCTGTTTGGGAGCCTGCGAAGGCAAAATATGTCTTTAGAGATGTGGTGCAGATAACCTGTCTGGATGGGTTTGAAGTTGTGGAGGGACGTGTTGGTGCAACATCTTTCTATTCGACTTGTCAAAGCAATGGAAAGTGGAGTAATTCCAAACTGAAATGTCAACCTGTGGACTGTGGCATTCCTGAATCCATTGAGAATGGTAAAGTTGAGGACCCAGAGAGCACTTTGTTTGGTTCTGTCATCCGCTACACTTGTGAGGAGCCATATTACTACATGGAAAATGGAGGAGGTGGGGAGTATCACTGTGCTGGTAACGGGAGCTGGGTGAATGAGGTGCTGGGCCCGGAGCTGCCGAAATGTGTTCCAGTCTGTGGAGTCCCCAGAGAACCCTTTGAAGAAAAACAGAGGATAATTGGAGGATCCGATGCAGATATTAAAAACTTCCCCTGGCAAGTTTTCTTTGACAACCCATGGGCTGGTGGAGCGCTCATTAATGAGTACTGGGTGCTGACGGCTGCTCATGTTGTGGAGGGAAACAGGGAGCCAACAATGTATGTTGGGTCCACCTCAGTGCAGACCTCACGGCTGGCAAAATCCAAGATGCTCACTCCTGAGCATGTGTTTATTCATCCGGGATGGAAGCTGCTGGAAGTCCCAGAAGGACGAACCAATTTTGATAATGACATTGCACTGGTGCGGCTGAAAGACCCAGTGAAAATGGGACCCACTGTCTCTCCCATCTGCCTACCAGGCACCTCTTCCGACTACAACCTCATGGATGGGGACCTGGGACTGATCTCAGGCTGGGGCCGAACAGAGAAGAGAGATCGTGCTGTTCGCCTCAAGGCGGCAAGGTTACCTGTAGCTCCTTTAAGAAAATGCAAAGAAGTGAAAGTGGAGAAACCCACAGCAGATGCAGAGGCCTATGTTTTCACTCCTAACATGATCTGTGCTGGAGGAGAGAAGGGCATGGATAGCTGTAAAGGGGACAGTGGTGGGGCCTTTGCTGTACAGGATCCCAATGACAAGACCAAATTCTACGCAGCTGGCCTGGTGTCCTGGGGGCCCCAGTGTGGGACCTATGGGCTCTACACACGGGTAAAGAACTATGTTGACTGGATAATGAAAACTATGCAGGAAAATAGCACCCCCCGTGAGGACTGAAGAGCTTAGAGACCGG
11,BBF10K_000562,GGTCTCTAATGGATGACTCTACGCTGCGTCGCAAGTATCCGCATCACGAATGGCATGCTGTGAATGAGGGGGACTCAGGCGCGTTTGTCTATCAGCTTACTGGAGGGCCTGAGCCCCAACCGGAATTGTACGCCAAGATCGCACCGCGCGCACCTGAAAATTCCGCTTTTGATTTGTCTGGTGAGGCGGACCGCCTTGAGTGGTTACACCGCCATGGGATCCCAGTGCCCCGTGTTGTAGAACGTGGCGCGGATGACACCGCTGCATGGTTGGTTACGGAAGCCGTCCCCGGCGTCGCAGCTGCGGAAGAGTGGCCGGAACACCAGCGTTTCGCCGTCGTAGAAGCTATGGCTGAATTGGCACGTGCGTTGCACGAGCTGCCAGTGGAAGATTGTCCTTCCGACCGCCGCCTGGATGCTGCCGTTGCTGAGGCTCGCCGTAATGTAGCAGAAGGGTTGGTGGACCTTGATGACTTACAGGAGGAGCGTGCGGGATGGACAGGTGACCAGTTATTAGCTGAGCTGGATCGCACCCGTCCTGAGAAGGAGGACCTTGTTGTGTGCCACGGGGATCTTTGTCCCAATAATGTATTGTTAGACCCGGGCACTTGTCGCGTAACCGGCGTAATTGACGTAGGCCGTTTAGGTGTAGCTGATCGCCATGCAGATATCGCTTTAGCCGCTCGTGAATTGGAAATCGACGAGGACCCCTGGTTTGGCCCTGCGTATGCAGAACGCTTCCTTGAACGCTACGGGGCACATCGTGTCGATAAGGAGAAGTTAGCGTTTTACCAATTACTGGATGAGTTCTTCTGAAGAGCTTAGAGACCGG
12,BBF10K_000572,GGTCTCTAATGATCCTCTTGCAACACGCCGTGCTTCCTCCACCTAAGCAGCCCTCACCCTCGCCTCCTATGTCAGTGGCCACCAGGTCTACAGGAACCTTGCAGCTTCCACCACAGAAGCCTTTTGGGCAGGAGGCTTCCTTGCCTCTTGCAGGGGAAGAAGAGTTATCGAAGGGAGGGGAGCAAGACTGTGCCCTGGAGGAGCTATGTAAGCCCCTGTACTGCAAACTCTGCAATGTCACCTTGAACTCTGCACAGCAAGCCCAGGCTCATTATCAGGGTAAAAATCATGGTAAGAAACTCCGAAATTACTATGCAGCAAATAGCTGTCCTCCTCCTGCTAGAATGAGCAATGTGGTCGAGCCTGCAGCTACTCCAGTTGTTCCAGTCCCTCCGCAGATGGGCTCCTTTAAGCCAGGAGGCCGAGTGATCCTGGCCACGGAGAATGATTACTGTAAGCTCTGTGATGCCTCCTTCAGTTCCCCAGCTGTGGCTCAGGCTCACTATCAAGGGAAGAATCATGCCAAGAGGCTGCGGCTGGCGGAAGCTCAGAGTAACTCATTCTCGGAATCCTCAGAGCTGGGTCAACGGCGGGCCAGGAAAGAAGGGAATGAGTTTAAGATGATGCCTAACAGGAGAAATATGTATACAGTACAGAATAATTCAGCGGGTCCTTACTTCAATCCCCGCTCTCGGCAGAGAATTCCACGTGATCTGGCCATGTGTGTTACTCCAAGTGGCCAGTTTTACTGCTCAATGTGTAATGTTGGAGCTGGCGAAGAGATGGAATTCCGGCAGCATTTAGAGAGCAAGCAACATAAGAGCAAGGTGTCTGAACAGCGGTACAGGAATGAGATGGAGAATCTGGGATATGTATGAAGAGCTTAGAGACCGG
13,BBF10K_000573,GGTCTCTAATGACTGCGCCGGTCCCCGCGCCGCGGATCCTGTTGCCGTTGCTGTTGCTGCTGCTGCTAACGCCGCCTCCGGGTGCACGTGGTGAGGTGTGTATGGCTTCCCGTGGACTCAGCCTCTTCCCCGAGTCCTGTCCAGATTTCTGCTGTGGTACCTGTGATGACCAATACTGCTGCTCTGACGTGCTGAAGAAATTTGTGTGGAGCGAGGAAAGGTGTGCTGTGCCTGAGGCCAGCGTGCCTGCCAGTGTAGAGCCGGTGGAGCAGCTGGGCTCGGCGCTGAGGTTTCGCCCTGGCTACAACGACCCCATGTCAGGGTTCGGAGCGACCTTGGCCGTTGGCCTGACCATCTTTGTGCTGTCTGTCGTCACTATCATCATCTGCTTCACGTGCTCCTGCTGCTGCCTTTACAAGACGTGCCGCCGACCACGTCCGGTTGTCACCACCACCACATCCACCACTGTGGTGCATGCCCCTTATCCTCAGCCTCCAAGTGTGCCGCCCAGCTACCCTGGACCAAGCTACCAGGGCTACCACACCATGCCGCCTCAGCCAGGGATGCCAGCAGCACCCTACCCAATGCAGTACCCACCACCTTACCCAGCCCAGCCCATGGGCCCACCGGCCTACCACGAAACCCTGGCTGGAGGAGCAGCCGCGCCCTACCCCGCCAGCCAGCCTCCTTACAACCCGGCCTACATGGATGCCCCGAAGGCGGCCCTCTGAAGAGCTTAGAGACCGG
14,BBF10K_000578,GGTCTCTAATGAGGCTGCTCTGGGGGCTGATCTGGGCATCCAGCTTCTTCACCTTATCTCTGCAGAAGCCCAGGTTGCTCTTGTTCTCTCCTTCTGTGGTTCATCTGGGGGTCCCCCTATCGGTGGGGGTGCAGCTCCAGGATGTGCCCCGAGGACAGGTAGTGAAAGGATCAGTGTTCCTGAGAAACCCATCTCGTAATAATGTCCCCTGCTCCCCAAAGGTGGACTTCACCCTTAGCTCAGAAAGAGACTTCGCACTCCTCAGTCTCCAGGTGCCCTTGAAAGATGCCAAGAGCTGTGGCCTCCATCAACTCCTCAGAGGCCCTGAGGTCCAGCTGGTGGCCCATTCGCCATGGCTAAAGGACTCTCTGTCCAGAACGACAAACATCCAGGGTATCAATTTACTCTTCTCCTCTCGCCGGGGGCACCTCTTTTTGCAGACGGACCAGCCCATTTACAACCCTGGCCAGCGGGTTCGGTACCGGGTCTTTGCTCTGGATCAGAAGATGCGCCCGAGCACTGACACCATCACAGTCATGGTGGAGAACTCTCACGGCCTCCGCGTGCGGAAGAAGGAGGTGTACATGCCCTCGTCCATCTTCCAGGATGACTTTGTGATCCCAGACATCTCAGAGCCAGGGACCTGGAAGATCTCAGCCCGATTCTCAGATGGCCTGGAATCCAACAGCAGCACCCAGTTTGAGGTGAAGAAATATGTCCTTCCCAACTTTGAGGTGAAGATCACCCCTGGAAAGCCCTACATCCTGACGGTGCCAGGCCATCTTGATGAAATGCAGTTAGACATCCAGGCCAGGTACATCTATGGGAAGCCAGTGCAGGGGGTGGCATATGTGCGCTTTGGGCTCCTAGATGAGGATGGTAAAAAGACTTTCTTTCGGGGGCTGGAGAGTCAGACCAAGCTGGTGAATGGACAGAGCCACATTTCCCTCTCAAAGGCAGAGTTCCAGGACGCCCTGGAGAAGCTGAATATGGGCATTACTGACCTCCAGGGGCTGCGCCTCTACGTTGCTGCAGCCATCATTGAGTCTCCAGGTGGGGAGATGGAGGAGGCAGAGCTCACATCCTGGTATTTTGTGTCATCTCCCTTCTCCTTGGATCTTAGCAAGACCAAGCGACACCTTGTGCCTGGGGCCCCCTTCCTGCTGCAGGCCTTGGTCCGTGAGATGTCAGGCTCCCCAGCTTCTGGCATTCCTGTCAAAGTTTCTGCCACGGTATCTTCTCCTGGGTCTGTTCCTGAAGTCCAGGACATTCAGCAAAACACAGACGGGAGCGGCCAAGTCAGCATTCCAATAATTATCCCTCAGACCATCTCAGAGCTGCAGCTCTCAGTATCTGCAGGCTCCCCACATCCAGCGATAGCCAGGCTCACTGTGGCAGCCCCACCTTCAGGAGGCCCCGGGTTTCTGTCTATTGAGCGGCCGGATTCTCGACCTCCTCGTGTTGGGGACACTCTGAACCTGAACTTGCGAGCCGTGGGCAGTGGGGCCACCTTTTCTCATTACTACTACATGATCCTATCCCGAGGGCAGATCGTGTTCATGAATCGAGAGCCCAAGAGGACCCTGACCAGTGTCTCGGTGTTTGTGGACCATCACCTGGCACCCTCCTTCTACTTTGTGGCCTTCTACTACCATGGCGACCACCCAGTGGCCAACTCCCTGCGAGTGGATGTCCAGGCTGGGGCCTGCGAGGGCAAGCTGGAGCTCAGCGTGGACGGTGCCAAGCAGTACCGGAACGGGGAGTCCGTGAAGCTCCACTTAGAAACCGACTCCCTAGCCCTGGTGGCGCTGGGAGCCTTGGACACAGCTCTGTATGCTGCAGGCAGCAAGTCCCACAAGCCCCTCAACATGGGCAAGGTCTTTGAAGCTATGAACAGCTATGACCTCGGCTGTGGTCCTGGGGGTGGGGACAGTGCCCTTCAGGTGTTCCAGGCAGCGGGCCTGGCCTTTTCTGATGGGGACCAGTGGACCTTATCCAGAAAGAGACTAAGCTGTCCCAAGGAAAAGACAACCCGGAAAAAGAGAAACGTGAACTTCCAAAAGGCGATTAATGAGAAATTGGGTCAGTATGCTTCCCCGACAGCCAAGCGCTGCTGCCAGGATGGGGTGACACGTCTGCCCATGATGCGTTCCTGCGAGCAGCGGGCAGCCCGCGTGCAGCAGCCGGACTGCCGGGAGCCCTTCCTGTCCTGCTGCCAATTTGCTGAGAGTCTGCGCAAAAAGAGCAGGGACAAGGGCCAGGCGGGCCTCCAACGAGCCCTGGAGATCCTGCAGGAGGAGGACCTGATTGATGAGGATGACATTCCCGTGCGCAGCTTCTTCCCAGAGAACTGGCTCTGGAGAGTGGAAACAGTGGACCGCTTTCAAATATTGACACTGTGGCTCCCCGACTCTCTGACCACGTGGGAGATCCATGGCCTGAGCCTGTCCAAAACCAAAGGCCTATGTGTGGCCACCCCAGTCCAGCTCCGGGTGTTCCGCGAGTTCCATCTGCACCTCCGCCTGCCCATGTCTGTCCGCCGCTTTGAGCAGCTGGAGCTGCGGCCTGTCCTCTATAACTACCTGGATAAAAACCTGACTGTGAGCGTCCACGTGTCCCCAGTGGAGGGGCTGTGCCTGGCTGGGGGCGGAGGGCTGGCCCAACAGGTGCTGGTGCCTGCGGGCTCTGCCCGGCCTGTTGCCTTCTCTGTGGTGCCCACGGCAGCCGCCGCTGTGTCTCTGAAGGTGGTGGCTCGAGGGTCCTTCGAATTCCCTGTGGGAGATGCGGTGTCCAAGGTTCTGCAGATTGAGAAGGAAGGGGCCATCCATAGAGAGGAGCTGGTCTATGAACTCAACCCCTTGGACCACCGAGGCCGGACCTTGGAAATACCTGGCAACTCTGATCCCAATATGATCCCTGATGGGGACTTTAACAGCTACGTCAGGGTTACAGCCTCAGATCCATTGGACACTTTAGGCTCTGAGGGGGCCTTGTCACCAGGAGGCGTGGCCTCCCTCTTGAGGCTTCCTCGAGGCTGTGGGGAGCAAACCATGATCTACTTGGCTCCGACACTGGCTGCTTCCCGCTACCTGGACAAGACAGAGCAGTGGAGCACACTGCCTCCCGAAACCAAGGACCACGCCGTGGATCTGATCCAGAAAGGCTACATGCGGATCCAGCAGTTTCGGAAGGCGGATGGTTCCTATGCGGCTTGGTTGTCACGGGACAGCAGCACCTGGCTCACAGCCTTTGTGTTGAAGGTCCTGAGTTTGGCCCAGGAACAGGTAGGAGGCTCGCCTGAGAAACTGCAGGAGACATCTAACTGGCTTCTGTCCCAGCAGCAGGCTGACGGCTCGTTCCAGGACCCCTGTCCAGTGTTAGACAGGAGCATGCAGGGGGGTTTGGTGGGCAATGATGAGACTGTGGCACTCACAGCCTTTGTGACTATCGCCCTTCATCATGGGCTGGCCGTTTTCCAGGATGAGGGTGCAGAGCCATTGAAGCAGAGAGTGGAAGCCTCCATCTCAAAGGCAAACTCATTTTTGGGGGAGAAAGCAAGTGCTGGGCTCCTGGGTGCCCACGCAGCTGCCATCACGGCCTATGCCCTGACACTGACCAAGGCGCCTGTGGATCTGCTCGGTGTTGCCCACAACAACCTCATGGCAATGGCCCAGGAGACTGGAGATAACCTGTACTGGGGCTCAGTCACTGGTTCTCAGAGCAATGCCGTGTCGCCCACCCCGGCTCCTCGCAACCCATCCGACCCCATGCCCCAGGCCCCAGCCCTGTGGATTGAAACCACAGCCTACGCCCTGCTGCACCTCCTGCTTCACGAGGGCAAAGCAGAGATGGCAGACCAGGCTTCGGCCTGGCTCACCCGTCAGGGCAGCTTCCAAGGGGGATTCCGCAGTACCCAAGACACGGTGATTGCCCTGGATGCCCTGTCTGCCTACTGGATTGCCTCCCACACCACTGAGGAGAGGGGCCTCAATGTGACTCTCAGCTCCACAGGCCGGAATGGGTTCAAGTCCCACGCGCTGCAGCTGAACAACCGCCAGATTCGCGGCCTGGAGGAGGAGCTGCAGTTTTCCTTGGGCAGCAAGATCAATGTGAAGGTGGGAGGAAACAGCAAAGGAACCCTGAAGGTCCTTCGTACCTACAATGTCCTGGACATGAAGAACACGACGTGCCAGGACCTACAGATAGAAGTGACAGTCAAAGGCCACGTCGAGTACACGATGGAAGCAAACGAGGACTATGAGGACTATGAGTACGATGAGCTTCCAGCCAAGGATGACCCAGATGCCCCTCTGCAGCCCGTGACACCCCTGCAGCTGTTTGAGGGTCGGAGGAACCGCCGCAGGAGGGAGGCGCCCAAGGTGGTGGAGGAGCAGGAGTCCAGGGTGCACTACACCGTGTGCATCTGGCGGAACGGCAAGGTGGGGCTGTCTGGCATGGCAATCGCGGACGTCACCCTCCTGAGTGGATTCCACGCCCTGCGTGCTGACCTGGAGAAGCTGACCTCCCTCTCTGACCGTTACGTGAGTCACTTTGAAACCGAGGGGCCCCACGTCCTGCTGTATTTTGACTCGGTCCCCACCTCCCGGGAGTGCGTGGGCTTTGAGGCTGTGCAGGAAGTGCCGGTGGGGCTGGTGCAGCCGGCCAGCGCAACCCTGTACGACTACTACAACCCCGAGCGCAGATGTTCTGTGTTTTACGGGGCACCAAGTAAGAGCAGACTCTTGGCCACCTTGTGTTCTGCTGAAGTCTGCCAGTGTGCTGAGGGGAAGTGCCCTCGCCAGCGTCGCGCCCTGGAGCGGGGTCTGCAGGACGAGGATGGCTACAGGATGAAGTTTGCCTGCTACTACCCCCGTGTGGAGTACGGCTTCCAGGTTAAGGTTCTCCGAGAGGACAGCAGAGCTGCTTTCCGCCTCTTTGAAACCAAGATCACCCAAGTCCTGCACTTCACCAAGGATGTCAAGGCCGCTGCTAATCAGATGCGCAACTTCCTGGTTCGAGCCTCCTGCCGCCTTCGCTTGGAACCTGGGAAAGAATATTTGATCATGGGTCTGGATGGGGCCACCTATGACCTCGAGGGACACCCCCAGTATCTGCTGGACTCGAATAGCTGGATCGAGGAGATGCCCTCTGAACGCCTGTGCCGGAGCACCCGCCAGCGGGCAGCCTGTGCCCAGCTCAACGACTTCCTCCAGGAGTATGGCACTCAGGGGTGCCAGGTGTGAAGAGCTTAGAGACCGG
15,BBF10K_000579,GGTCTCTAATGGGCCTTTTGGGAATACTTTGTTTTTTAATCTTCCTGGGGAAAACCTGGGGACAGGAGCAAACATATGTCATTTCAGCACCAAAAATATTCCGTGTTGGAGCATCTGAAAATATTGTGATTCAAGTTTATGGATACACTGAAGCATTTGATGCAACAATCTCTATTAAAAGTTATCCTGATAAAAAATTTAGTTACTCCTCAGGCCATGTTCATTTATCCTCAGAGAATAAATTCCAAAACTCTGCAATCTTAACAATACAACCAAAACAATTGCCTGGAGGACAAAACCCAGTTTCTTATGTGTATTTGGAAGTTGTATCAAAGCATTTTTCAAAATCAAAAAGAATGCCAATAACCTATGACAATGGATTTCTCTTCATTCATACAGACAAACCTGTTTATACTCCAGACCAGTCAGTAAAAGTTAGAGTTTATTCGTTGAATGACGACTTGAAGCCAGCCAAAAGAGAAACTGTCTTAACTTTCATAGATCCTGAAGGATCAGAAGTTGACATGGTAGAAGAAATTGATCATATTGGAATTATCTCTTTTCCTGACTTCAAGATTCCGTCTAATCCTAGATATGGTATGTGGACGATCAAGGCTAAATATAAAGAGGACTTTTCAACAACTGGAACCGCATATTTTGAAGTTAAAGAATATGTCTTGCCACATTTTTCTGTCTCAATCGAGCCAGAATATAATTTCATTGGTTACAAGAACTTTAAGAATTTTGAAATTACTATAAAAGCAAGATATTTTTATAATAAAGTAGTCACTGAGGCTGACGTTTATATCACATTTGGAATAAGAGAGGACTTAAAAGATGATCAAAAAGAAATGATGCAAACAGCAATGCAAAACACAATGTTGATAAATGGAATTGCTCAAGTCACATTTGATTCTGAAACAGCAGTCAAAGAACTGTCATACTACAGTTTAGAAGATTTAAACAACAAGTACCTTTATATTGCTGTAACAGTCATAGAGTCTACAGGTGGATTTTCTGAAGAGGCAGAAATACCTGGCATCAAATATGTCCTCTCTCCCTACAAACTGAATTTGGTTGCTACTCCTCTTTTCCTGAAGCCTGGGATTCCATATCCCATCAAGGTTCAGGTTAAAGATTCGCTTGACCAGTTGGTAGGAGGAGTCCCAGTAACACTGAATGCACAAACAATTGATGTAAACCAAGAGACATCTGACTTGGATCCAAGCAAAAGTGTAACACGTGTTGATGATGGAGTAGCTTCCTTTGTGCTTAATCTCCCATCTGGAGTGACGGTGCTGGAGTTTAATGTCAAAACTGATGCTCCAGATCTTCCAGAAGAAAATCAGGCCAGGGAAGGTTACCGAGCAATAGCATACTCATCTCTCAGCCAAAGTTACCTTTATATTGATTGGACTGATAACCATAAGGCTTTGCTAGTGGGAGAACATCTGAATATTATTGTTACCCCCAAAAGCCCATATATTGACAAAATAACTCACTATAATTACTTGATTTTATCCAAGGGCAAAATTATCCACTTTGGCACGAGGGAGAAATTTTCAGATGCATCTTATCAAAGTATAAACATTCCAGTAACACAGAACATGGTTCCTTCATCCCGACTTCTGGTCTATTACATCGTCACAGGAGAACAGACAGCAGAATTAGTGTCTGATTCAGTCTGGTTAAATATTGAAGAAAAATGTGGCAACCAGCTCCAGGTTCATCTGTCTCCTGATGCAGATGCATATTCTCCAGGCCAAACTGTGTCTCTTAATATGGCAACTGGAATGGATTCCTGGGTGGCATTAGCAGCAGTGGACAGTGCTGTGTATGGAGTCCAAAGAGGAGCCAAAAAGCCCTTGGAAAGAGTATTTCAATTCTTAGAGAAGAGTGATCTGGGCTGTGGGGCGGGTGGTGGCCTCAACAATGCCAATGTGTTCCACCTAGCTGGACTTACCTTCCTCACTAATGCAAATGCAGATGACTCCCAAGAAAATGATGAACCTTGTAAAGAAATTCTCAGGCCAAGAAGAACGCTGCAAAAGAAGATAGAAGAAATAGCTGCTAAATATAAACATTCAGTAGTGAAGAAATGTTGTTACGATGGAGCCTGCGTTAATAATGATGAAACCTGTGAGCAGCGAGCTGCACGGATTAGTTTAGGGCCAAGATGCATCAAAGCTTTCACTGAATGTTGTGTCGTCGCAAGCCAGCTCCGTGCTAATATCTCTCATAAAGACATGCAATTGGGAAGGCTACACATGAAAACCCTGTTACCAGTAAGCAAGCCAGAAATTCGGAGTTATTTTCCAGAAAGCTGGTTGTGGGAAGTTCATCTTGTTCCCAGAAGAAAACAGTTGCAGTTTGCCCTACCTGATTCTCTAACCACCTGGGAAATTCAAGGCGTTGGCATTTCAAACACTGGTATATGTGTTGCTGATACTGTCAAGGCAAAGGTGTTCAAAGATGTGTTCCTGGAAATGAATATACCATATTCTGTTGTACGAGGAGAACAGATCCAATTGAAAGGAACTGTTTACAACTATAGGACTTCTGGGATGCAGTTCTGTGTTAAAATGTCTGCTGTGGAGGGAATCTGCACTTCGGAAAGCCCAGTCATTGATCATCAGGGCACAAAGTCCTCCAAATGTGTGCGCCAGAAAGTAGAGGGCTCCTCCAGTCACTTGGTGACATTCACTGTGCTTCCTCTGGAAATTGGCCTTCACAACATCAATTTTTCACTGGAGACTTGGTTTGGAAAAGAAATCTTAGTAAAAACATTACGAGTGGTGCCAGAAGGTGTCAAAAGGGAAAGCTATTCTGGTGTTACTTTGGATCCTAGGGGTATTTATGGTACCATTAGCAGACGAAAGGAGTTCCCATACAGGATACCCTTAGATTTGGTCCCCAAAACAGAAATCAAAAGGATTTTGAGTGTAAAAGGACTGCTTGTAGGTGAGATCTTGTCTGCAGTTCTAAGTCAGGAAGGCATCAATATCCTAACCCACCTCCCCAAAGGGAGTGCAGAGGCGGAGCTGATGAGCGTTGTCCCAGTATTCTATGTTTTTCACTACCTGGAAACAGGAAATCATTGGAACATTTTTCATTCTGACCCATTAATTGAAAAGCAGAAACTGAAGAAAAAATTAAAAGAAGGGATGTTGAGCATTATGTCCTACAGAAATGCTGACTACTCTTACAGTGTGTGGAAGGGTGGAAGTGCTAGCACTTGGTTAACAGCTTTTGCTTTAAGAGTACTTGGACAAGTAAATAAATACGTAGAGCAGAACCAAAATTCAATTTGTAATTCTTTATTGTGGCTAGTTGAGAATTATCAATTAGATAATGGATCTTTCAAGGAAAATTCACAGTATCAACCAATAAAATTACAGGGTACCTTGCCTGTTGAAGCCCGAGAGAACAGCTTATATCTTACAGCCTTTACTGTGATTGGAATTAGAAAGGCTTTCGATATATGCCCCCTGGTGAAAATCGACACAGCTCTAATTAAAGCTGACAACTTTCTGCTTGAAAATACACTGCCAGCCCAGAGCACCTTTACATTGGCCATTTCTGCGTATGCTCTTTCCCTGGGAGATAAAACTCACCCACAGTTTCGTTCAATTGTTTCAGCTTTGAAGAGAGAAGCTTTGGTTAAAGGTAATCCACCCATTTATCGTTTTTGGAAAGACAATCTTCAGCATAAAGACAGCTCTGTACCTAACACTGGTACGGCACGTATGGTAGAAACAACTGCCTATGCTTTACTCACCAGTCTGAACTTGAAAGATATAAATTATGTTAACCCAGTCATCAAATGGCTATCAGAGGAGCAGAGGTATGGAGGTGGCTTTTATTCAACCCAGGACACAATCAATGCCATTGAGGGCCTGACGGAATATTCACTCCTGGTTAAACAACTCCGCTTGAGTATGGACATCGATGTTTCTTACAAGCATAAAGGTGCCTTACATAATTATAAAATGACAGACAAGAATTTCCTTGGGAGGCCAGTAGAGGTGCTTCTCAATGATGACCTCATTGTCAGTACAGGATTTGGCAGTGGCTTGGCTACAGTACATGTAACAACTGTAGTTCACAAAACCAGTACCTCTGAGGAAGTTTGCAGCTTTTATTTGAAAATCGATACTCAGGATATTGAAGCATCCCACTACAGAGGCTACGGAAACTCTGATTACAAACGCATAGTAGCATGTGCCAGCTACAAGCCCAGCAGGGAAGAATCATCATCTGGATCCTCTCATGCGGTGATGGACATCTCCTTGCCTACTGGAATCAGTGCAAATGAAGAGGACTTAAAAGCCCTTGTGGAAGGGGTGGATCAACTATTCACTGATTACCAAATCAAAGATGGACATGTTATTCTGCAACTGAATTCGATTCCCTCCAGTGATTTCCTTTGTGTACGATTCCGGATATTTGAACTCTTTGAAGTTGGGTTTCTCAGTCCTGCCACTTTCACAGTGTACGAATACCACAGACCAGATAAACAGTGTACCATGTTTTATAGCACTTCCAATATCAAAATTCAGAAAGTCTGTGAAGGAGCCGCGTGCAAGTGTGTAGAAGCTGATTGTGGGCAAATGCAGGAAGAATTGGATCTGACAATCTCTGCAGAGACAAGAAAACAAACAGCATGTAAACCAGAGATTGCATATGCTTATAAAGTTAGCATCACATCCATCACTGTAGAAAATGTTTTTGTCAAGTACAAGGCAACCCTTCTGGATATCTACAAAACTGGGGAAGCTGTTGCTGAGAAAGACTCTGAGATTACCTTCATTAAAAAGGTAACCTGTACTAACGCTGAGCTGGTAAAAGGTAGACAGTACTTAATTATGGGTAAAGAAGCCCTCCAGATAAAATACAATTTCAGTTTCAGGTACATCTACCCTTTAGATTCCTTGACCTGGATTGAATACTGGCCTAGAGACACAACATGTTCATCGTGTCAAGCATTTTTAGCTAATTTAGATGAATTTGCCGAAGATATCTTTTTAAATGGATGCTGAAGAGCTTAGAGACCGG
16,BBF10K_000580,GGTCTCTAATGGCCAGACGCTCTGTCTTGTACTTCATCCTGCTGAATGCTCTGATCAACAAGGGCCAAGCCTGCTTCTGTGATCACTATGCATGGACTCAGTGGACCAGCTGCTCAAAAACTTGCAATTCTGGAACCCAGAGCAGACACAGACAAATAGTAGTAGATAAGTACTACCAGGAAAACTTTTGTGAACAGATTTGCAGCAAGCAGGAGACTAGAGAATGTAACTGGCAAAGATGCCCCATCAACTGCCTCCTGGGAGATTTTGGACCATGGTCAGACTGTGACCCTTGTATTGAAAAACAGTCTAAAGTTAGATCTGTCTTGCGTCCCAGTCAGTTTGGGGGACAGCCATGCACTGCGCCTCTGGTAGCCTTTCAACCATGCATTCCATCTAAGCTCTGCAAAATTGAAGAGGCTGACTGCAAGAATAAATTTCGCTGTGACAGTGGCCGCTGCATTGCCAGAAAGTTAGAATGCAATGGAGAAAATGACTGTGGAGACAATTCAGATGAAAGGGACTGTGGGAGGACAAAGGCAGTATGCACACGGAAGTATAATCCCATCCCTAGTGTACAGTTGATGGGCAATGGGTTTCATTTTCTGGCAGGAGAGCCCAGAGGAGAAGTCCTTGATAACTCTTTCACTGGAGGAATATGTAAAACTGTCAAAAGCAGTAGGACAAGTAATCCATACCGTGTTCCGGCCAATCTGGAAAATGTCGGCTTTGAGGTACAAACTGCAGAAGATGACTTGAAAACAGATTTCTACAAGGATTTAACTTCTCTTGGACACAATGAAAATCAACAAGGCTCATTCTCAAGTCAAGGGGGGAGCTCTTTCAGTGTACCAATTTTTTATTCCTCAAAGAGAAGTGAAAATATCAACCATAATTCTGCCTTCAAACAAGCCATTCAAGCCTCTCACAAAAAGGATTCTAGTTTTATTAGGATCCATAAAGTGATGAAAGTCTTAAACTTCACAACGAAAGCTAAAGATCTGCACCTTTCTGATGTCTTTTTGAAAGCACTTAACCATCTGCCTCTAGAATACAACTCTGCTTTGTACAGCCGAATATTCGATGACTTTGGGACTCATTACTTCACCTCTGGCTCCCTGGGAGGCGTGTATGACCTTCTCTATCAGTTTAGCAGTGAGGAACTAAAGAACTCAGGTTTAACCGAGGAAGAAGCCAAACACTGTGTCAGGATTGAAACAAAGAAACGCGTTTTATTTGCTAAGAAAACAAAAGTGGAACATAGGTGCACCACCAACAAGCTGTCAGAGAAACATGAAGGTTCATTTATACAGGGAGCAGAGAAATCCATATCCCTGATTCGAGGTGGAAGGAGTGAATATGGAGCAGCTTTGGCATGGGAGAAAGGGAGCTCTGGTCTGGAGGAAAAGACATTTTCTGAGTGGTTAGAATCAGTGAAGGAAAATCCTGCTGTGATTGACTTTGAGCTTGCCCCCATCGTGGACTTGGTAAGAAACATCCCCTGTGCAGTGACAAAACGGAACAACCTCAGGAAAGCTTTGCAAGAGTATGCAGCCAAGTTCGATCCTTGCCAGTGTGCTCCATGCCCTAATAATGGCCGACCCACCCTCTCAGGGACTGAATGTCTGTGTGTGTGTCAGAGTGGCACCTATGGTGAGAACTGTGAGAAACAGTCTCCAGATTATAAATCCAATGCAGTAGACGGACAGTGGGGTTGTTGGTCGTCCTGGAGTACCTGTGATGCTACTTATAAGAGATCGAGAACCCGAGAATGCAATAATCCTGCCCCCCAACGAGGAGGGAAACGCTGTGAGGGGGAGAAGCGACAAGAGGAGGACTGCACATTTTCAATCATGGAAAACAATGGACAACCATGTATCAATGATGACGAAGAAATGAAAGAGGTCGATCTTCCTGAGATAGAAGCAGATTCCGGGTGTCCTCAGCCAGTTCCTCCAGAAAATGGATTTATCCGGAATGAAAAGCAACTATACTTGGTTGGAGAAGATGTTGAAATTTCATGCCTTACTGGCTTTGAAACTGTTGGATACCAGTACTTCAGATGCTTACCAGACGGGACCTGGAGACAAGGGGATGTGGAATGCCAACGGACGGAGTGCATCAAGCCAGTTGTGCAGGAAGTCCTGACAATTACACCATTTCAGAGATTGTATAGAATTGGTGAATCCATTGAGCTAACTTGCCCCAAAGGCTTTGTTGTTGCTGGGCCATCAAGGTACACATGCCAGGGGAATTCCTGGACACCACCCATTTCAAACTCTCTCACCTGTGAAAAAGATACTCTAACAAAATTAAAAGGCCATTGTCAGCTGGGACAGAAACAATCAGGATCTGAATGCATTTGTATGTCTCCAGAAGAGGACTGTAGCCATCATTCAGAAGATCTCTGTGTGTTTGACACAGACTCCAACGATTACTTTACTTCACCCGCTTGTAAGTTTTTGGCTGAGAAATGTTTAAATAATCAGCAACTCCATTTTCTACATATTGGTTCCTGCCAAGACGGCCGCCAGTTAGAATGGGGTCTTGAAAGGACAAGACTTTCATCCAACAGCACAAAGAAAGAATCCTGTGGCTATGACACGTGCTATGACTGGGAAAAATGTTCAGCCTCCACTTCCAAATGTGTCTGCCTATTGCCCCCACAGTGCTTCAAGGGTGGAAACCAACTCTACTGTGTCAAAATGGGATCATCAACAAGTGAGAAAACATTGAACATCTGTGAAGTGGGAACTATAAGATGTGCAAACAGGAAGATGGAAATACTGCATCCTGGAAAGTGTTTGGCCTGAAGAGCTTAGAGACCGG
17,BBF10K_000567,GGTCTCTAATGGCTCCCAAGAAACGCCCAGAAACCCAAAAGACCTCCGAGATTGTATTACGCCCCAGGAACAAGAGGAGCAGGAGTCCCCTGGAGCTGGAGCCCGAGGCCAAGAAGCTCTGTGCGAAGGGCTCCGGTCCTAGCAGAAGATGTGACTCAGACTGCCTCTGGGTGGGGCTGGCTGGCCCACAGATCCTGCCACCATGCCGCAGCATCGTCAGGACCCTCCACCAGCATAAGCTGGGCAGAGCTTCCTGGCCATCTGTCCAGCAGGGGCTCCAGCAGTCCTTTTTGCACACTCTGGATTCTTACCGGATATTACAAAAGGCTGCCCCCTTTGACAGGAGGGCTACATCCTTGGCGTGGCACCCAACTCACCCCAGCACCGTGGCTGTGGGTTCCAAAGGGGGAGATATCATGCTCTGGAATTTTGGCATCAAGGACAAACCCACCTTCATCAAAGGGATTGGAGCTGGAGGGAGCATCACTGGGCTGAAGTTTAACCCTCTCAATACCAACCAGTTTTACGCCTCCTCAATGGAGGGAACAACTAGGCTGCAAGACTTTAAAGGCAACATTCTACGAGTTTTTGCCAGCTCAGACACCATCAACATCTGGTTTTGTAGCCTGGATGTGTCTGCTAGTAGCCGAATGGTGGTCACAGGAGACAACGTGGGGAACGTGATCCTGCTGAACATGGACGGCAAAGAGCTTTGGAATCTCAGAATGCACAAAAAGAAAGTGACGCATGTGGCCCTGAACCCATGCTGTGATTGGTTCCTGGCCACAGCCTCCGTAGATCAAACAGTGAAAATTTGGGATCTGCGCCAGGTTAGAGGGAAAGCCAGCTTCCTCTACTCGCTGCCGCACAGGCATCCTGTCAACGCAGCTTGTTTCAGTCCCGATGGAGCCCGGCTCCTGACCACGGACCAAAAGAGCGAGATCCGAGTTTACTCTGCTTCCCAGTGGGACTGCCCCCTGGGCCTGATCCCGCACCCTCACCGTCACTTCCAGCACCTCACACCCATCAAGGCAGCCTGGCATCCTCGCTACAACCTCATTGTTGTGGGCCGATACCCAGATCCTAATTTCAAAAGTTGTACCCCTTATGAATTGAGGACGATCGACGTGTTCGATGGAAACTCAGGGAAGATGATGTGTCAGCTCTATGACCCAGAATCTTCTGGCATCAGTTCGCTTAATGAATTCAATCCCATGGGGGACACGCTGGCCTCTGCAATGGGTTACCACATTCTCATCTGGAGCCAGGAGGAAGCCAGGACACGGAAGTGAAGAGCTTAGAGACCGG
18,BBF10K_000570,GGTCTCTAATGGGATCTTCCTCTGAGGCGAGCTTCAGATCTGCTCAAGCTTCCTGCAGTGGGGCCAGGAGGCAGGGCCTGGGCAGGGGTGACCAGAACCTCTCGGTGATGCCTCCGAATGGCAGGGCTCAGACACACACACCTGGCTGGGTTTCAGATCCCTTAGTTTTGGGTGCCCAAGTTCACGGAGGGTGCCGGGGAATAGAAGCTCTGTCAGTCTCGTCTGGATCTTGGTCCTCAGCAACTGTCTGGATCCTGACAGGCCTTGGTCTAGGACTCTCCAGGCCTTTCCTTCCTGGAGCCACAGTGCTTAGAGACAGGCCACTGGGGTCAGCATTTGAGCTCAGCTATGATCAGAAAAAAGCACCGTTGAGGTTGCAGTGAAGAGCTTAGAGACCGG
19,BBF10K_000581,GGTCTCTAATGAAGGTGATAAGCTTATTCATTTTGGTGGGATTTATAGGAGAGTTCCAAAGTTTTTCAAGTGCCTCCTCTCCAGTCAACTGCCAGTGGGACTTCTATGCCCCTTGGTCAGAATGCAATGGCTGTACCAAGACTCAGACTCGCAGGCGGTCAGTTGCTGTGTATGGGCAGTATGGAGGCCAGCCTTGTGTTGGAAATGCTTTTGAAACACAGTCCTGTGAACCTACAAGAGGATGTCCAACAGAGGAGGGATGTGGAGAGCGTTTCAGGTGCTTTTCAGGTCAGTGCATCAGCAAATCATTGGTTTGCAATGGGGATTCTGACTGTGATGAGGACAGTGCTGATGAGGACAGATGTGAGGACTCAGAACGCAGACCTTCCTGTGATATCGATAAACCTCCTCCTAACATAGAACTTACTGGAAATGGTTACAATGAACTCACTGGCCAGTTTAGGAACAGAGTCATCAATACCAAAAGTTTTGGTGGTCAATGTAGAAAGGTGTTTAGTGGGGATGGAAAAGATTTCTACAGGCTGAGTGGAAATGTCCTGTCCTATACATTCCAGGTGAAAATAAATAATGATTTTAATTATGAATTTTACAATAGTACTTGGTCTTATGTAAAACATACGTCGACAGAACACACATCATCTAGTCGGAAGCGCTCCTTTTTTAGATCTTCATCATCTTCTTCACGCAGTTATACTTCACATACCAATGAAATCCATAAAGGAAAGAGTTACCAACTGCTGGTTGTTGAGAACACTGTTGAAGTGGCTCAGTTCATTAATAACAATCCAGAATTTTTACAACTTGCTGAGCCATTCTGGAAGGAGCTTTCCCACCTCCCCTCTCTGTATGACTACAGTGCCTACCGAAGATTAATCGACCAGTACGGGACACATTATCTGCAATCTGGGTCGTTAGGAGGAGAATACAGAGTTCTATTTTATGTGGACTCAGAAAAATTAAAACAAAATGATTTTAATTCAGTCGAAGAAAAGAAATGTAAATCCTCAGGTTGGCATTTTGTCGTTAAATTTTCAAGTCATGGATGCAAGGAACTGGAAAACGCTTTAAAAGCTGCTTCAGGAACCCAGAACAATGTATTGCGAGGAGAACCGTTCATCAGAGGGGGAGGTGCAGGCTTCATATCTGGCCTTAGTTACCTAGAGCTGGACAATCCTGCTGGAAACAAAAGGCGATATTCTGCCTGGGCAGAATCTGTGACTAATCTTCCTCAAGTCATAAAACAAAAGCTGACACCTTTATATGAGCTGGTAAAGGAAGTACCTTGTGCCTCTGTGAAAAAACTATACCTGAAATGGGCTCTTGAAGAGTATCTGGATGAATTTGACCCCTGTCATTGCCGGCCTTGTCAAAATGGTGGTTTGGCTACTGTTGAGGGGACCCATTGTCTGTGCCATTGCAAACCGTACACATTTGGTGCGGCGTGTGAGCAAGGAGTCCTCGTAGGGAATCAAGCAGGAGGGGTTGATGGAGGTTGGAGTTGCTGGTCCTCTTGGAGCCCCTGTGTCCAAGGGAAGAAAACAAGAAGCCGTGAATGCAATAACCCACCTCCCAGTGGGGGTGGGAGATCCTGCGTTGGAGAAACGACAGAAAGCACACAATGCGAAGATGAGGAGCTGGAGCACTTGAGGTTGCTTGAACCACATTGCTTTCCTTTGTCTTTGGTTCCAACAGAATTCTGTCCATCACCTCCTGCCTTGAAAGATGGATTTGTTCAAGATGAAGGTACAATGTTTCCTGTGGGGAAAAATGTAGTGTACACTTGCAATGAAGGATACTCTCTTATTGGAAACCCAGTGGCCAGATGTGGAGAAGATTTACGGTGGCTTGTTGGGGAAATGCATTGTCAGAAAATTGCCTGTGTTCTACCTGTACTGATGGATGGCATACAGAGTCACCCCCAAAAACCTTTCTACACAGTTGGTGAGAAGGTGACTGTTTCCTGTTCAGGTGGCATGTCCTTAGAAGGTCCTTCAGCATTTCTCTGTGGCTCCAGCCTTAAGTGGAGTCCTGAGATGAAGAATGCCCGCTGTGTACAAAAAGAAAATCCGTTAACACAGGCAGTGCCTAAATGTCAGCGCTGGGAGAAACTGCAGAATTCAAGATGTGTTTGTAAAATGCCCTACGAATGTGGACCTTCCTTGGATGTATGTGCTCAAGATGAGAGAAGCAAAAGGATACTGCCTCTGACAGTTTGCAAGATGCATGTTCTCCACTGTCAGGGTAGAAATTACACCCTTACTGGTAGGGACAGCTGTACTCTGCCTGCCTCAGCTGAGAAAGCTTGTGGTGCCTGCCCACTGTGGGGAAAATGTGATGCTGAGAGCAGCAAATGTGTCTGCCGAGAAGCATCGGAGTGCGAGGAAGAAGGGTTTAGCATTTGTGTGGAAGTGAACGGCAAGGAGCAGACGATGTCTGAGTGTGAGGCGGGCGCTCTGAGATGCAGAGGGCAGAGCATCTCTGTCACCAGCATAAGGCCTTGTGCTGCGGAAACCCAGTGAAGAGCTTAGAGACCGG
20,BBF10K_000569,GGTCTCTAATGCTGGGCATCTGGACCCTCCTACCTCTGGTTCTTACGTCTGTTGCTAGATTATCGTCCAAAAGTGTTAATGCCCAAGTGACTGACATCAACTCCAAGGGATTGGAATTGCGTAAGACTGTTACTACAGTTGAGACTCAGAACTTGGAAGGCCTGCATCATGATGGCCAATTCTGCCATAAGCCCTGTCCTCCAGGTGAAAGGAAAGCTAGGGACTGCACAGTCAATGGGGATGAACCAGACTGCGTGCCCTGCCAAGAAGGGAAGGAGTACACAGACAAAGCCCATTTTTCTTCCAAATGCAGAAGATGTAGATTGTGTGATGAAGGACATGGCTTAGAAGTGGAAATAAACTGCACCCGGACCCAGAATACCAAGTGCAGATGTAAACCAAACTTCTTTTGTAACTCTACTGTATGTGAACACTGTGACCCTTGCACCAAATGTGAACATGGAATCATCAAGGAATGCACACTCACCAGCAACACCAAGTGCAAAGAGGAAGGATCCAGATCTAACTTGGGGTGGCTTTGCCTTCTTCTTTTGCCAATTCCACTAATTGTTTGGGTGAAGAGAAAGGAAGTACAGAAAACATGCAGAAAGCACAGAAAGGAAAACCAAGGTTCTCATGAATCTCCAACTTTAAATCCTGAAACAGTGGCAATAAATTTATCTGATGTTGACTTGAGTAAATATATCACCACTATTGCTGGAGTCATGACACTAAGTCAAGTTAAAGGCTTTGTTCGAAAGAATGGTGTCAATGAAGCCAAAATAGATGAGATCAAGAATGACAATGTCCAAGACACAGCAGAACAGAAAGTTCAACTGCTTCGTAATTGGCATCAACTTCATGGAAAGAAAGAAGCGTATGACACATTGATTAAAGATCTCAAAAAAGCCAATCTTTGTACTCTTGCAGAGAAAATTCAGACTATCATCCTCAAGGACATTACTAGTGACTCAGAAAATTCAAACTTCAGAAATGAAATCCAAAGCTTGGTCTGAAGAGCTTAGAGACCGG
